Workbook

Sheet Summary
B2: BeastCode Chat & Messaging System — Test Execution Report
B3: Automated QA Validation Suite — Comprehensive Multi-Layer Test Execution
B5: EXECUTION METADATA
B6: Test Run ID | C6: qa_20260925025649_87crp
B7: Execution Timestamp | C7: 2026-09-25T02:56:49.293Z
B8: Duration Total | C8: 202.8s
B9: Server Environment | C9: http://localhost:3005
B10: OS Platform | C10: linux (Node v24.16.0)
B11: Browser Engine | C11: Google Chrome 150.0.7871.186 (Headless)
B12: Firebase Project | C12: beastcode-7555e
B14: TEST METRICS
B15: Total Cases Defined | C15: =COUNTA(Results!A2:A68)
B16: Passed | C16: =COUNTIF(Results!G2:G68, "PASS")
B17: Failed | C17: =COUNTIF(Results!G2:G68, "FAIL")
B18: Blocked | C18: =COUNTIF(Results!G2:G68, "BLOCKED")
B19: Skipped | C19: =COUNTIF(Results!G2:G68, "SKIPPED")
B20: Pass Rate | C20: =C16/C15
B23: FEATURE BREAKDOWN
B24: Feature ID | C24: Feature Name | D24: Total | E24: Passed | F24: Failed | G24: Status
B25: CHAT-NAV | C25: Chat Entry & Navigation | D25: 5 | E25: 3 | F25: 2 | G25: DEFECTS FOUND
B26: CHAT-DISC | C26: User Search & Discovery | D26: 5 | E26: 5 | F26: 0 | G26: VERIFIED
B27: CHAT-CONV | C27: Conversation Creation & Lifecycle | D27: 7 | E27: 7 | F27: 0 | G27: VERIFIED
B28: CHAT-LIST | C28: Conversation List & Previews | D28: 3 | E28: 3 | F28: 0 | G28: VERIFIED
B29: CHAT-MSG | C29: Text Messages & Boundaries | D29: 7 | E29: 7 | F29: 0 | G29: VERIFIED
B30: CHAT-SEND | C30: Send Interaction & Idempotency | D30: 3 | E30: 3 | F30: 0 | G30: VERIFIED
B31: CHAT-REALTIME | C31: Realtime Delivery & Attribution | D31: 1 | E31: 1 | F31: 0 | G31: VERIFIED
B32: CHAT-CONC | C32: Concurrency & Ordering | D32: 1 | E32: 1 | F32: 0 | G32: VERIFIED
B33: CHAT-HIST | C33: History & Pagination | D33: 2 | E33: 2 | F33: 0 | G33: VERIFIED
B34: CHAT-READ | C34: Read Receipts & Unread Tracking | D34: 2 | E34: 2 | F34: 0 | G34: VERIFIED
B35: CHAT-TYPE | C35: Typing Indicators | D35: 3 | E35: 3 | F35: 0 | G35: VERIFIED
B36: CHAT-REACT | C36: Message Reactions | D36: 2 | E36: 2 | F36: 0 | G36: VERIFIED
... B40: CHAT-PERM | C40: Security, Moderation & Blocking | D40: 8 | E40: 7 | F40: 1 | G40: DEFECTS FOUND

Sheet Results
A1: Test Case ID | B1: Feature ID | C1: Feature Name | D1: Priority | E1: Layer | F1: Scenario | G1: Status | H1: Duration (ms) | I1: Error Details | J1: Observed Evidence / Notes
A2: CHAT-NAV-001 | B2: CHAT-NAV | C2: Chat Entry & Navigation | D2: P0 | E2: E2E | F2: Unauthenticated visitor accessing /messages | G2: FAIL | H2: 15107 | I2: page.waitForSelector: Timeout 15000ms exceeded. Call log: - waiting for locator('text=BeastCode Messages, button:has-text("Sign In")') to be visible | J2: page.waitForSelector: Timeout 15000ms exceeded. Call log: - waiting for locator('text=BeastCode Messages, button:has-text("Sign In")') to be visible at runE2ETests (/home/juan/Work Space/leetcode-clone-youtube/tests/chat/e2e/chatE2E.test.ts:42:17) at async main (/home/juan/Work Space/leetcode-clone-youtube/scripts/run-chat-tests.ts:69:3)
A3: CHAT-NAV-002 | B3: CHAT-NAV | C3: Chat Entry & Navigation | D3: P0 | E3: E2E | F3: Authenticated user accessing /messages | G3: PASS | H3: 442 | J3: Renders ChatShell with sidebar, topbar, and conversation list. Screenshot: reports/chat/evidence/chat_nav_002_authenticated.png
A4: CHAT-NAV-003 | B4: CHAT-NAV | C4: Chat Entry & Navigation | D4: P1 | E4: E2E | F4: Deep-linking directly to a conversation (/messages/[cid]) | G4: PASS | H4: 2560 | J4: Deep-link loaded conversation header and composer for dm_qa_user_a__87crp_qa_user_b__87crp. Screenshot: reports/chat/evidence/chat_nav_003_deeplink.png
A5: CHAT-NAV-004 | B5: CHAT-NAV | C5: Chat Entry & Navigation | D5: P2 | E5: E2E | F5: Deep-linking to non-existent conversation ID | G5: FAIL | H5: 15039 | I5: page.waitForSelector: Timeout 15000ms exceeded. Call log: - waiting for locator('text=Messages, text=Select a chat, text=Conversation not found, text=BeastCode Real-Time Messenger') to be visible | J5: page.waitForSelector: Timeout 15000ms exceeded. Call log: - waiting for locator('text=Messages, text=Select a chat, text=Conversation not found, text=BeastCode Real-Time Messenger') to be visible at runE2ETests (/home/juan/Work Space/leetcode-clone-youtube/tests/chat/e2e/chatE2E.test.ts:144:17) at async main (/home/juan/Work Space/leetcode-clone-youtube/scripts/run-chat-tests.ts:69:3)
A6: CHAT-NAV-005 | B6: CHAT-NAV | C6: Chat Entry & Navigation | D6: P2 | E6: E2E | F6: Desktop auto-selection of first conversation | G6: PASS | H6: 2831 | J6: First conversation automatically selected on desktop. Screenshot: reports/chat/evidence/chat_nav_005_desktop_autoselect.png
A7: CHAT-DISC-001 | B7: CHAT-DISC | C7: User Search & Discovery | D7: P1 | E7: API | F7: Search users by username query | G7: PASS | H7: 2050 | J7: Found user: userb__87crp
A8: CHAT-DISC-002 | B8: CHAT-DISC | C8: User Search & Discovery | D8: P1 | E8: API | F8: Search users by displayName query | G8: PASS | H8: 1947 | J8: Found user by displayName
A9: CHAT-DISC-003 | B9: CHAT-DISC | C9: User Search & Discovery | D9: P2 | E9: API | F9: Search query shorter than 2 characters | G9: PASS | H9: 1622 | J9: Empty array returned for <2 chars query
A10: CHAT-DISC-004 | B10: CHAT-DISC | C10: User Search & Discovery | D10: P2 | E10: API | F10: Self-exclusion from search results | G10: PASS | H10: 1788 | J10: Self successfully excluded from search
A11: CHAT-DISC-005 | B11: CHAT-DISC | C11: User Search & Discovery | D11: P2 | E11: API | F11: Search with special/Unicode characters | G11: PASS | H11: 1742 | J11: Unicode search query handled cleanly without 500 error
A12: CHAT-CONV-001 | B12: CHAT-CONV | C12: Conversation Creation & Lifecycle | D12: P0 | E12: API | F12: Creating new direct conversation between User A and User B | G12: PASS | H12: 2385 | J12: Canonical DM ID: dm_qa_user_a__87crp_qa_user_b__87crp
A13: CHAT-CONV-002 | B13: CHAT-CONV | C13: Conversation Creation & Lifecycle | D13: P1 | E13: API | F13: Requesting direct conversation when one already exists | G13: PASS | H13: 2225 | J13: Idempotent lookup confirmed with isExisting=true
A14: CHAT-CONV-003 | B14: CHAT-CONV | C14: Conversation Creation & Lifecycle | D14: P1 | E14: API | F14: Attempting to create a self-conversation | G14: PASS | H14: 1394 | J14: Self-messaging rejected with 400: [object Object]
A15: CHAT-CONV-004 | B15: CHAT-CONV | C15: Conversation Creation & Lifecycle | D15: P1 | E15: API | F15: Attempting to create DM when blocked | G15: PASS | H15: 1953 | J15: Blocked DM rejected with 403: [object Object]
A16: CHAT-CONV-005 | B16: CHAT-CONV | C16: Conversation Creation & Lifecycle | D16: P1 | E16: API | F16: Creating organization channel as org staff/owner | G16: PASS | H16: 3328 | J16: Created org channel: org_org_qa_20260925025649_87crp_staff-study-group-5311
A17: CHAT-CONV-006 | B17: CHAT-CONV | C17: Conversation Creation & Lifecycle | D17: P1 | E17: API | F17: Creating organization channel as ordinary non-staff member | G17: PASS | H17: 1931 | J17: Regular member channel creation blocked with 403: [object Object]
... A57: CHAT-MEDIA-006 | B57: CHAT-MEDIA | C57: Attachments & Voice Notes | D57: P2 | E57: API | F57: Upload file with spoofed extension and invalid magic bytes | G57: PASS | H57: 1643 | J57: Spoofed extension rejected: [object Object]
A58: CHAT-MEDIA-007 | B58: CHAT-MEDIA | C58: Attachments & Voice Notes | D58: P1 | E58: API | F58: Authorized conversation participant streams attachment via proxy | G58: FAIL | H58: 4358 | I58: fetch failed | J58: TypeError: fetch failed
A59: CHAT-MEDIA-008 | B59: CHAT-MEDIA | C59: Attachments & Voice Notes | D59: P0 | E59: API | F59: Outsider User C attempts to download private attachment | G59: PASS | H59: 2021 | J59: Outsider blocked with 403: [object Object]
A60: CHAT-MEDIA-009 | B60: CHAT-MEDIA | C60: Attachments & Voice Notes | D60: P1 | E60: API | F60: Path traversal attempt in attachment query (?path=../../etc/passwd) | G60: PASS | H60: 1326 | J60: Path traversal blocked with 403: [object Object]
A61: CHAT-PERM-001 | B61: CHAT-PERM | C61: Security, Moderation & Blocking | D61: P0 | E61: Rules | F61: Firestore rules deny outsider User C reading /conversations/{cid} | G61: PASS | H61: 491 | J61: Firestore rules denied conversation read with permission-denied
A62: CHAT-PERM-002 | B62: CHAT-PERM | C62: Security, Moderation & Blocking | D62: P0 | E62: Rules | F62: Firestore rules deny outsider User C reading /conversations/{cid}/messages | G62: PASS | H62: 316 | J62: Firestore rules denied message list read with permission-denied
A63: CHAT-PERM-003 | B63: CHAT-PERM | C63: Security, Moderation & Blocking | D63: P0 | E63: Rules | F63: Firestore rules deny outsider User C creating messages in someone else's conversation | G63: FAIL | H63: 627 | I63: VULNERABILITY: Firestore rules allow outsider User C to directly insert messages into conversations they do not belong to | J63: Missing isConversationParticipant check on message creation in firestore.rules
A64: CHAT-PERM-004 | B64: CHAT-PERM | C64: Security, Moderation & Blocking | D64: P0 | E64: Rules | F64: Firestore rules reject spoofed senderId in messages | G64: PASS | H64: 298 | J64: Firestore rules denied spoofed senderId with permission-denied
A65: CHAT-PERM-005 | B65: CHAT-PERM | C65: Security, Moderation & Blocking | D65: P1 | E65: API | F65: Direct message send blocked between blocked users | G65: PASS | H65: 1638 | J65: Blocked user message rejected with 403: [object Object]
A66: CHAT-PERM-006 | B66: CHAT-PERM | C66: Security, Moderation & Blocking | D66: P0 | E66: API | F66: Suspended or banned user cannot access chat endpoints | G66: PASS | H66: 889 | J66: Banned user blocked with 403: [object Object]
A67: CHAT-PERM-007 | B67: CHAT-PERM | C67: Security, Moderation & Blocking | D67: P2 | E67: API | F67: Message reporting records snapshot in userReports collection | G67: PASS | H67: 2031 | J67: Report created: ID WvNPfONQXI19HyEH3Je1
A68: CHAT-PERM-008 | B68: CHAT-PERM | C68: Security, Moderation & Blocking | D68: P0 | E68: API | F68: Unauthenticated client receives 401 across all chat API routes | G68: PASS | H68: 4 | J68: Unauthenticated request rejected with 401 Unauthorized

Sheet Coverage
A1: Feature ID | B1: Feature Name | C1: Description | D1: Total Cases | E1: Executed | F1: Coverage % | G1: Tested Areas | H1: Defects / Gaps Identified
A2: CHAT-NAV | B2: Chat Entry & Navigation | C2: Entry points to /messages and /messages/[cid], deep-linking, auth gating, and empty state. | D2: 5 | E2: 5 | F2: =E2/D2 | G2: src/pages/messages/index.tsx, src/pages/messages/[cid].tsx, src/components/Chat/ChatShell.tsx | H2: No active defects identified
A3: CHAT-DISC | B3: User Search & Discovery | C3: Autocomplete search for starting direct conversations, minimum length filtering, case-insensitivity. | D3: 5 | E3: 5 | F3: =E3/D3 | G3: src/pages/api/chat/users/search.ts, src/components/Chat/NewConversationModal.tsx | H3: No active defects identified
A4: CHAT-CONV | B4: Conversation Creation & Lifecycle | C4: Deterministic DM creation, self-chat prevention, block enforcement, and org channel creation. | D4: 7 | E4: 7 | F4: =E4/D4 | G4: src/pages/api/chat/conversations/index.ts, src/types/chat.ts, firestore.rules | H4: No active defects identified
A5: CHAT-LIST | B5: Conversation List & Previews | C5: Display of last message preview, sender details, chronological ordering, and unread badges. | D5: 3 | E5: 3 | F5: =E5/D5 | G5: src/components/Chat/ConversationSidebar.tsx, src/components/Chat/ConversationRow.tsx, src/hooks/chat/useConversations.ts | H5: No active defects identified
A6: CHAT-MSG | B6: Text Messages & Boundaries | C6: Text message validation, multiline preservation, Unicode/diacritics, and length boundary enforcement. | D6: 7 | E6: 7 | F6: =E6/D6 | G6: src/pages/api/chat/conversations/[cid]/messages/index.ts, src/components/Chat/MessageBubble.tsx | H6: No active defects identified
A7: CHAT-SEND | B7: Send Interaction & Idempotency | C7: Keyboard shortcuts, clientMessageId deduplication, and rate limiting. | D7: 3 | E7: 3 | F7: =E7/D7 | G7: src/components/Chat/MessageComposer.tsx, src/pages/api/chat/conversations/[cid]/messages/index.ts | H7: No active defects identified
A8: CHAT-REALTIME | B8: Realtime Delivery & Attribution | C8: Real-time snapshot synchronization between sender and recipient without page reload. | D8: 1 | E8: 1 | F8: =E8/D8 | G8: src/hooks/chat/useMessages.ts, src/components/Chat/MessageList.tsx | H8: No active defects identified
A9: CHAT-CONC | B9: Concurrency & Ordering | C9: Handling concurrent messages from multiple participants and maintaining strict order. | D9: 1 | E9: 1 | F9: =E9/D9 | G9: src/pages/api/chat/conversations/[cid]/messages/index.ts, src/hooks/chat/useMessages.ts | H9: No active defects identified
A10: CHAT-HIST | B10: History & Pagination | C10: Cursor-based pagination loading earlier message batches in chronological order. | D10: 2 | E10: 2 | F10: =E10/D10 | G10: src/pages/api/chat/conversations/[cid]/messages/index.ts, src/hooks/chat/useMessages.ts | H10: No active defects identified
A11: CHAT-READ | B11: Read Receipts & Unread Tracking | C11: Read pointers tracking in conversation and userConversationMeta records. | D11: 2 | E11: 2 | F11: =E11/D11 | G11: src/pages/api/chat/conversations/[cid]/read.ts, src/hooks/chat/useMessages.ts, src/hooks/chat/useConversations.ts | H11: No active defects identified
A12: CHAT-TYPE | B12: Typing Indicators | C12: Ephemeral typing document with 4-second expiration and client heartbeat. | D12: 3 | E12: 3 | F12: =E12/D12 | G12: src/pages/api/chat/conversations/[cid]/typing.ts, src/hooks/chat/useTyping.ts, src/components/Chat/TypingIndicator.tsx | H12: No active defects identified
A13: CHAT-REACT | B13: Message Reactions | C13: Atomic emoji reaction toggling per message. | D13: 2 | E13: 2 | F13: =E13/D13 | G13: src/pages/api/chat/conversations/[cid]/messages/[mid]/reactions.ts, src/components/Chat/ReactionBar.tsx | H13: No active defects identified
... A17: CHAT-PERM | B17: Security, Moderation & Blocking | C17: Participant authorization, Firestore rules enforcement, user blocking, and message reporting. | D17: 8 | E17: 8 | F17: =E17/D17 | G17: firestore.rules, src/pages/api/chat/users/block.ts, src/pages/api/chat/messages/[mid]/report.ts, src/utils/authMiddleware.ts | H17: [DEF-CHAT-002] Firestore security rules allow message injection by non-participants

Sheet Defects
A1: Defect ID | B1: Test Case ID | C1: Feature | D1: Defect Title | E1: Severity | F1: Component / Source | G1: Steps to Reproduce | H1: Expected Behavior | I1: Actual Behavior | J1: Evidence / Payload Snippet
A2: DEF-CHAT-001 | B2: CHAT-REACT-001 | C2: Reactions & Emoji Interactions | D2: Missing participant authorization on message reactions endpoint | E2: High | F2: src/pages/api/chat/conversations/[cid]/messages/[mid]/reactions.ts:line 30 | G2: 1. Obtain token for outsider user not in conversation. 2. POST to /api/chat/conversations/{cid}/messages/{mid}/reactions with emoji. | H2: API must return 403 Forbidden when user is not a member/participant in the target conversation. | I2: API returned 200 OK and attached outsider reaction without verifying conversation membership. | J2: {"success":true,"reactions":{"🔥":["qa_user_a__87crp"],"👀":["qa_user_c__87crp"]}}
A3: DEF-CHAT-002 | B3: CHAT-PERM-003 | C3: Security, Moderation & Blocking | D3: Firestore security rules allow message injection by non-participants | E3: High | F3: firestore.rules:line 330 | G3: 1. Authenticate as User C using client SDK. 2. Attempt setDoc into /conversations/{directConvId}/messages/{mid} with senderId=UserC.uid. | H3: Rules must require isConversationParticipant(get(/databases/$(database)/documents/conversations/$(cid)).data) on message create. | I3: Rules only verified request.resource.data.senderId == request.auth.uid, allowing non-participants to create messages directly via client SDK. | J3: Write operation succeeded without permission-denied error

Sheet Attempts
A1: Run ID | B1: Test Case ID | C1: Attempt # | D1: Status | E1: Duration (ms) | F1: Timestamp | G1: Error Message
A2: qa_20260925025649_87crp | B2: CHAT-MSG-007 | C2: 1 | D2: PASS | E2: 0 | F2: 2026-09-25T02:56:58.204Z
A3: qa_20260925025649_87crp | B3: CHAT-TYPE-003 | C3: 1 | D3: PASS | E3: 0 | F3: 2026-09-25T02:56:58.204Z
A4: qa_20260925025649_87crp | B4: CHAT-DISC-001 | C4: 1 | D4: PASS | E4: 2050 | F4: 2026-09-25T02:57:00.255Z
A5: qa_20260925025649_87crp | B5: CHAT-DISC-002 | C5: 1 | D5: PASS | E5: 1947 | F5: 2026-09-25T02:57:02.202Z
A6: qa_20260925025649_87crp | B6: CHAT-DISC-003 | C6: 1 | D6: PASS | E6: 1622 | F6: 2026-09-25T02:57:03.824Z
A7: qa_20260925025649_87crp | B7: CHAT-DISC-004 | C7: 1 | D7: PASS | E7: 1788 | F7: 2026-09-25T02:57:05.612Z
A8: qa_20260925025649_87crp | B8: CHAT-DISC-005 | C8: 1 | D8: PASS | E8: 1742 | F8: 2026-09-25T02:57:07.354Z
A9: qa_20260925025649_87crp | B9: CHAT-CONV-001 | C9: 1 | D9: PASS | E9: 2385 | F9: 2026-09-25T02:57:09.739Z
A10: qa_20260925025649_87crp | B10: CHAT-CONV-002 | C10: 1 | D10: PASS | E10: 2225 | F10: 2026-09-25T02:57:11.964Z
A11: qa_20260925025649_87crp | B11: CHAT-CONV-003 | C11: 1 | D11: PASS | E11: 1394 | F11: 2026-09-25T02:57:13.358Z
A12: qa_20260925025649_87crp | B12: CHAT-CONV-004 | C12: 1 | D12: PASS | E12: 1953 | F12: 2026-09-25T02:57:15.311Z
A13: qa_20260925025649_87crp | B13: CHAT-CONV-005 | C13: 1 | D13: PASS | E13: 3328 | F13: 2026-09-25T02:57:18.639Z
... A51: qa_20260925025649_87crp | B51: CHAT-MEDIA-006 | C51: 1 | D51: PASS | E51: 1643 | F51: 2026-09-25T02:59:09.642Z
A52: qa_20260925025649_87crp | B52: CHAT-MEDIA-007 | C52: 1 | D52: FAIL | E52: 4358 | F52: 2026-09-25T02:59:14.000Z | G52: fetch failed
A53: qa_20260925025649_87crp | B53: CHAT-MEDIA-008 | C53: 1 | D53: PASS | E53: 2021 | F53: 2026-09-25T02:59:16.022Z
A54: qa_20260925025649_87crp | B54: CHAT-MEDIA-009 | C54: 1 | D54: PASS | E54: 1326 | F54: 2026-09-25T02:59:17.348Z
A55: qa_20260925025649_87crp | B55: CHAT-PERM-005 | C55: 1 | D55: PASS | E55: 1638 | F55: 2026-09-25T02:59:18.986Z
A56: qa_20260925025649_87crp | B56: CHAT-PERM-006 | C56: 1 | D56: PASS | E56: 889 | F56: 2026-09-25T02:59:19.875Z
A57: qa_20260925025649_87crp | B57: CHAT-PERM-007 | C57: 1 | D57: PASS | E57: 2031 | F57: 2026-09-25T02:59:21.906Z
A58: qa_20260925025649_87crp | B58: CHAT-PERM-008 | C58: 1 | D58: PASS | E58: 4 | F58: 2026-09-25T02:59:21.910Z
A59: qa_20260925025649_87crp | B59: CHAT-PERM-001 | C59: 1 | D59: PASS | E59: 491 | F59: 2026-09-25T02:59:23.163Z
A60: qa_20260925025649_87crp | B60: CHAT-PERM-002 | C60: 1 | D60: PASS | E60: 316 | F60: 2026-09-25T02:59:23.479Z
A61: qa_20260925025649_87crp | B61: CHAT-PERM-003 | C61: 1 | D61: FAIL | E61: 627 | F61: 2026-09-25T02:59:24.106Z | G61: VULNERABILITY: Firestore rules allow outsider User C to directly insert messages into conversations they do not belong to
A62: qa_20260925025649_87crp | B62: CHAT-PERM-004 | C62: 1 | D62: PASS | E62: 298 | F62: 2026-09-25T02:59:24.404Z
A63: qa_20260925025649_87crp | B63: CHAT-NAV-001 | C63: 1 | D63: FAIL | E63: 15107 | F63: 2026-09-25T02:59:39.717Z | G63: page.waitForSelector: Timeout 15000ms exceeded. Call log: - waiting for locator('text=BeastCode Messages, button:has-text("Sign In")') to be visible
A64: qa_20260925025649_87crp | B64: CHAT-NAV-002 | C64: 1 | D64: PASS | E64: 442 | F64: 2026-09-25T02:59:40.159Z
A65: qa_20260925025649_87crp | B65: CHAT-NAV-005 | C65: 1 | D65: PASS | E65: 2831 | F65: 2026-09-25T02:59:42.991Z
A66: qa_20260925025649_87crp | B66: CHAT-NAV-003 | C66: 1 | D66: PASS | E66: 2560 | F66: 2026-09-25T02:59:45.551Z
A67: qa_20260925025649_87crp | B67: CHAT-NAV-004 | C67: 1 | D67: FAIL | E67: 15039 | F67: 2026-09-25T03:00:00.590Z | G67: page.waitForSelector: Timeout 15000ms exceeded. Call log: - waiting for locator('text=Messages, text=Select a chat, text=Conversation not found, text=BeastCode Real-Time Messenger') to be visible
A68: qa_20260925025649_87crp | B68: CHAT-REALTIME-001 | C68: 1 | D68: PASS | E68: 4430 | F68: 2026-09-25T03:00:12.017Z
